{"cameraMode":{"drawMode":0,"name":"Shaded","section":"Shading Mode"},"sceneLighting":false,"audioPlay":false,"sceneViewState":{"showFog":true,"showMaterialUpdate":false,"showSkybox":true,"showFlares":true,"showImageEffects":true,"showParticleSystems":true},"in2DMode":false,"pivot":{"x":0.6000000238418579,"y":0.30000001192092898,"z":0.0},"rotation":{"x":-0.08987811207771301,"y":-0.003891422413289547,"z":0.0003544686478562653,"w":-0.995945155620575},"size":3.0469207763671877,"orthographic":false}