{"cameraMode":{"drawMode":0,"name":"Shaded","section":"Shading Mode"},"sceneLighting":false,"audioPlay":false,"sceneViewState":{"showFog":true,"showMaterialUpdate":false,"showSkybox":true,"showFlares":true,"showImageEffects":true,"showParticleSystems":true},"in2DMode":false,"pivot":{"x":-1.9014238119125367,"y":0.5934653282165527,"z":-5.013155937194824},"rotation":{"x":0.08387261629104614,"y":-0.02629888616502285,"z":0.002217889064922929,"w":0.9961269497871399},"size":1621.759765625,"orthographic":false}